,State,District,Total,Hindu,Muslim,Christian,Sikh,Buddhist,Jain,Other/Unclassified,Unstated
0,Andaman & Nicobar Islands,Nicobars,36842,8681,1336,26077,343,119,0,248,38
1,Andaman & Nicobar Islands,North  & Middle Andaman,105597,81163,2165,21870,77,84,4,47,187
2,Andaman & Nicobar Islands,South Andaman,238142,174452,28912,33037,866,135,27,269,444
3,Telangana,Adilabad,2741239,2399901,275970,15422,1377,25510,617,322,22120
4,Telangana,Nizamabad,2551335,2123426,391596,19653,2357,1847,542,146,11768
5,Telangana,Karimnagar,3776269,3491139,244723,24979,2086,332,312,115,12583
6,Telangana,Medak,3033288,2637313,342449,34301,1309,554,457,217,16688
7,Telangana,Hyderabad,3943323,2046051,1713405,87522,11446,1268,19560,1929,62142
8,Andhra Pradesh,Rangareddy,5296741,4458858,617518,144037,8062,2041,3536,1629,61060
9,Telangana,Mahbubnagar,4053028,3673456,334172,21345,658,290,388,267,22452
10,Telangana,Nalgonda,3488809,3249231,188646,35025,937,241,250,132,14347
11,Telangana,Warangal,3512576,3273755,197333,31377,1453,253,569,126,7710
12,Telangana,Khammam,2797370,2595321,158887,33463,655,217,459,539,7829
13,Andhra Pradesh,Srikakulam,2703114,2666950,9025,18879,193,77,160,106,7724
14,Andhra Pradesh,Vizianagaram,2344474,2299129,16423,17853,380,114,815,183,9577
15,Andhra Pradesh,Visakhapatnam,4290589,4105320,86330,77607,2301,850,2316,286,15579
16,Andhra Pradesh,East Godavari,5154296,4983330,77777,77825,738,413,4149,403,9661
17,Andhra Pradesh,West Godavari,3936966,3733191,86142,109120,288,209,1578,211,6227
18,Andhra Pradesh,Krishna,4517398,4023678,307043,145598,1393,863,6320,906,31597
19,Andhra Pradesh,Guntur,4887813,4217597,559770,89763,764,323,3282,332,15982
20,Andhra Pradesh,Prakasam,3397448,3150195,220654,18775,266,97,204,206,7051
21,Andhra Pradesh,Sri Potti Sriramulu Nellore,2963557,2639737,288378,26202,678,239,2610,146,5567
22,Andhra Pradesh,Y.S.R.,2882469,2391231,454108,23281,367,105,751,245,12381
23,Andhra Pradesh,Kurnool,4053463,3328380,670737,33165,737,255,2235,434,17520
24,Andhra Pradesh,Anantapur,4081148,3599372,443456,20463,932,341,1417,309,14858
25,Andhra Pradesh,Chittoor,4174064,3737588,397870,24129,867,253,1322,358,11677
26,Arunachal Pradesh,Tawang,49977,11842,787,776,1164,34920,72,349,67
27,Arunachal Pradesh,West Kameng,83947,31265,1970,8466,328,36087,71,5556,204
28,Arunachal Pradesh,East Kameng,78690,12333,652,37136,36,452,23,27868,190
29,Arunachal Pradesh,Papum Pare,176573,57027,6148,84397,310,4768,139,22586,1198
30,Arunachal Pradesh,Upper Subansiri,83448,13474,521,8779,28,297,11,59449,889
31,Arunachal Pradesh,West Siang,112274,15881,2218,29969,577,3311,49,60005,264
32,Arunachal Pradesh,East Siang,99214,27854,2289,18254,69,776,30,49393,549
33,Arunachal Pradesh,Upper Siang,35320,5261,411,5643,27,2577,7,20967,427
34,Arunachal Pradesh,Changlang,148226,47683,2134,35969,94,50381,95,11738,132
35,Arunachal Pradesh,Tirap,111975,20682,1103,83361,61,778,43,5325,622
36,Arunachal Pradesh,Lower Subansiri,83030,9551,1482,34402,27,193,13,37085,277
37,Arunachal Pradesh,Kurung Kumey,92076,4859,471,51189,43,121,81,34158,1154
38,Arunachal Pradesh,Dibang Valley,8004,3141,111,223,7,126,2,4267,127
39,Arunachal Pradesh,Lower Dibang Valley,54080,28915,2247,9213,33,2932,19,10393,328
40,Arunachal Pradesh,Lohit,145726,99020,3846,10684,210,24452,104,7277,133
41,Arunachal Pradesh,Anjaw,21167,13088,655,271,273,644,12,6137,87
42,Assam,Kokrajhar,887142,529068,252271,101091,93,1718,396,123,2382
43,Assam,Dhubri,1949258,388380,1553023,4107,254,101,1846,45,1502
44,Assam,Goalpara,1008183,347878,579929,77862,771,194,477,103,969
45,Assam,Barpeta,1693622,492966,1198036,1020,112,49,399,14,1026
46,Assam,Morigaon,957423,451882,503257,834,113,65,244,11,1017
47,Assam,Nagaon,2823768,1225246,1563203,26844,3036,1073,1162,61,3143
48,Assam,Sonitpur,1924110,1422824,350536,138166,1363,5088,1003,221,4909
49,Assam,Lakhimpur,1042137,797130,193476,46217,412,1074,250,2410,1168
50,Assam,Dhemaji,686133,655052,13475,8711,297,911,167,6315,1205
51,Assam,Tinsukia,1327929,1181347,48373,76877,1999,16228,837,395,1873
52,Assam,Dibrugarh,1326335,1198401,64526,52968,2261,4673,1055,46,2405
53,Assam,Sivasagar,1151050,1007277,95553,33147,902,3953,286,8541,1391
54,Assam,Jorhat,1092256,1008219,54684,21051,1540,2378,719,578,3087
55,Assam,Golaghat,1066888,917426,90312,50582,1131,3863,530,1347,1697
56,Assam,Karbi Anglong,956313,766000,20290,157789,370,6260,397,3568,1639
57,Assam,Dima Hasao,214102,143593,4358,63310,207,680,70,1170,714
58,Assam,Cachar,1736617,1038985,654816,37635,280,341,1673,98,2789
59,Assam,Karimganj,1228686,521962,692489,11990,114,446,524,110,1051
60,Assam,Hailakandi,659296,251194,397653,8480,84,490,247,636,512
61,Assam,Bongaigaon,738804,359145,371033,5924,384,236,871,9,1202
62,Assam,Chirang,482162,320647,109248,49747,87,406,125,482,1420
63,Assam,Kamrup,1517542,877495,601784,33297,319,185,1330,55,3077
64,Assam,Kamrup Metropolitan,1253938,1064412,151071,18810,3679,1627,9250,170,4919
65,Assam,Nalbari,771639,491582,277488,429,62,27,1004,9,1038
66,Assam,Baksa,950075,782901,135750,27076,156,1189,239,353,2411
67,Assam,Darrang,928500,327322,597392,1688,431,57,724,19,867
68,Assam,Udalguri,831668,612425,105319,110215,215,1681,124,229,1460
69,Bihar,Pashchim Champaran,3935042,3047427,865090,8469,926,1337,296,1895,9602
70,Bihar,Purba Champaran,5099371,4086453,990349,4865,668,878,464,104,15590
71,Bihar,Sheohar,656246,552492,99342,522,216,73,52,44,3505
72,Bihar,Sitamarhi,3423574,2672311,740101,2897,261,253,188,20,7543
73,Bihar,Madhubani,4487379,3652168,818912,3262,564,328,442,169,11534
74,Bihar,Supaul,2229076,1809936,409251,3758,271,136,546,42,5136
75,Bihar,Araria,2811569,1593525,1207442,4116,371,187,1910,63,3955
76,Bihar,Kishanganj,1690400,531236,1149095,5783,398,183,1476,28,2201
77,Bihar,Purnia,3264619,1989420,1255641,7989,614,353,1450,650,8502
78,Bihar,Katihar,3071029,1684589,1365645,8659,2754,212,507,2141,6522
79,Bihar,Madhepura,2001762,1753829,241760,1342,170,60,133,81,4387
80,Bihar,Saharsa,1900661,1629254,266620,1292,197,60,109,8,3121
81,Bihar,Darbhanga,3937385,3042729,881476,3534,832,245,236,101,8232
82,Bihar,Muzaffarpur,4801062,4032773,745546,5149,933,288,382,98,15893
83,Bihar,Gopalganj,2562012,2119262,436057,2463,271,167,133,28,3631
84,Bihar,Siwan,3330464,2712635,608282,2618,369,407,359,86,5708
85,Bihar,Saran,3951862,3534772,406449,2330,371,229,322,107,7282
86,Bihar,Vaishali,3495021,3152346,333980,2203,707,362,246,71,5106
87,Bihar,Samastipur,4261566,3800598,452370,2126,554,292,231,112,5283
88,Bihar,Begusarai,2970541,2554330,407348,2209,402,229,276,57,5690
89,Bihar,Khagaria,1666886,1486989,175588,1253,143,79,86,115,2633
90,Bihar,Bhagalpur,3037766,2487866,537098,3556,415,180,1050,32,7569
91,Bihar,Banka,2034763,1772655,250925,6138,139,113,94,1035,3664
92,Bihar,Munger,1367765,1252319,110416,1815,338,95,145,61,2576
93,Bihar,Lakhisarai,1000912,956396,40886,487,140,52,78,52,2821
94,Bihar,Sheikhpura,636342,596102,37653,313,75,41,43,31,2084
95,Bihar,Nalanda,2877653,2669775,198033,1978,393,414,561,64,6435
96,Bihar,Patna,5838465,5356075,439952,12551,4803,1062,2151,203,21668
97,Bihar,Bhojpur,2728407,2518216,197819,2165,544,647,1472,48,7496
98,Bihar,Buxar,1706352,1591454,105423,2125,248,5090,97,57,1858
99,Bihar,Kaimur (Bhabua),1626384,1456229,155283,1407,296,7707,129,1534,3799
100,Bihar,Rohtas,2959918,2645415,300487,2889,2569,1584,252,537,6185
101,Bihar,Aurangabad,2540073,2291133,237353,2218,295,334,775,19,7946
102,Bihar,Gaya,4391418,3876395,488121,3943,913,870,1723,108,19345
103,Bihar,Nawada,2219146,1964620,244394,1299,250,176,279,80,8048
104,Bihar,Jamui,1760405,1525746,217621,8443,162,159,87,3438,4749
105,Bihar,Jehanabad ,1125313,1045117,75742,691,148,248,60,58,3249
106,Bihar,Arwal,700843,634099,64259,390,59,323,74,60,1579
107,Chandigarh,Chandigarh,1055450,852574,51447,8720,138329,1160,1960,246,1014
108,Chhattisgarh,Koriya,658917,604259,25878,9398,1391,84,1155,15474,1278
109,Chhattisgarh,Surguja,2359886,2126195,81442,97432,2303,1287,623,48295,2309
110,Chhattisgarh,Jashpur ,851669,629509,15336,189588,474,467,694,14835,766
111,Chhattisgarh,Raigarh,1493984,1422986,17332,47653,2117,781,409,1782,924
112,Chhattisgarh,Korba ,1206640,1133176,30195,21059,3666,897,753,15649,1245
113,Chhattisgarh,Janjgir - Champa,1619707,1597089,14173,2926,635,556,707,2220,1401
114,Chhattisgarh,Bilaspur,2663629,2540763,57973,20745,6373,2979,2357,29122,3317
115,Chhattisgarh,Kabeerdham,822526,776013,12206,980,924,433,1167,30222,581
116,Chhattisgarh,Rajnandgaon,1537133,1399658,23648,5193,3761,28541,8187,67444,701
117,Chhattisgarh,Durg,3343872,3129745,83499,24304,24276,19587,17209,42569,2683
118,Chhattisgarh,Raipur,4063872,3881485,103038,23181,16707,8397,17137,10680,3247
119,Chhattisgarh,Mahasamund,1032754,1008061,12570,5284,2941,521,1495,1417,465
120,Chhattisgarh,Dhamtari ,799781,777188,10425,2644,1196,667,3612,3685,364
121,Chhattisgarh,Uttar Bastar Kanker,748941,627460,6040,4007,552,2213,1071,105869,1729
122,Chhattisgarh,Bastar,1413199,1277975,12413,27951,2099,985,3466,86925,1385
123,Chhattisgarh,Narayanpur,139820,129161,776,600,96,71,409,8542,165
124,Chhattisgarh,Dakshin Bastar Dantewada,533638,513915,6437,4888,457,352,1044,6071,474
125,Chhattisgarh,Bijapur,255230,245151,1617,2709,68,1649,15,3793,228
126,Dadra & Nagar Haveli,Dadra & Nagar Haveli,343709,322857,12922,5113,217,634,1186,293,487
127,Daman & Diu,Diu,52074,48613,3190,202,3,1,43,0,22
128,Daman & Diu,Daman,191173,171537,16087,2618,169,216,244,79,223
129,Delhi NCR,North West,3656539,3211042,291330,14100,92129,2281,43460,345,1852
130,Delhi NCR,North,887978,726443,119792,7256,19066,1824,13049,81,467
131,Delhi NCR,North East,2241624,1529337,657585,9123,17424,2388,24673,48,1046
132,Delhi NCR,East,1709346,1410852,178807,15792,53027,2643,46927,366,932
133,Delhi NCR,New Delhi,142004,124482,8480,4852,2933,312,679,66,200
134,Delhi NCR,Central,582320,364148,194278,3527,13038,362,5886,107,974
135,Delhi NCR,West,2543243,2087294,149807,18337,271752,1993,11322,273,2465
136,Delhi NCR,South West,2292958,2102743,112691,31226,31692,2784,9215,266,2341
137,Delhi NCR,South,2731929,2155759,445914,41880,69520,3862,11020,645,3329
138,Goa,North Goa,818008,622213,57941,134169,618,553,546,166,1802
139,Goa,South Goa,640537,341664,63623,231961,855,542,563,92,1237
140,Gujarat,Kachchh,2092371,1608921,442355,6192,6353,490,25312,98,2650
141,Gujarat,Banas Kantha,3120506,2890305,213505,1686,486,281,12659,83,1501
142,Gujarat,Patan  ,1343734,1194745,142797,916,337,66,3602,66,1205
143,Gujarat,Mahesana,2035064,1885732,136431,1954,1082,146,7087,88,2544
144,Gujarat,Sabar Kantha,2428589,2260560,148563,6375,614,168,11110,52,1147
145,Gujarat,Gandhinagar,1391753,1319586,57273,3237,1985,497,6405,82,2688
146,Gujarat,Ahmadabad,7214225,6042416,883238,50754,14542,4518,209287,2055,7415
147,Gujarat,Surendranagar,1756268,1620282,109681,1419,512,312,22992,128,942
148,Gujarat,Rajkot,3804558,3397406,361388,5478,1918,1170,33591,269,3338
149,Gujarat,Jamnagar,2160119,1810443,320805,4392,1873,1086,18856,136,2528
150,Gujarat,Porbandar ,585449,549749,33565,500,248,91,515,38,743
151,Gujarat,Junagadh,2743082,2397056,334858,2586,1110,1291,3841,77,2263
152,Gujarat,Amreli,1514190,1410463,99105,919,415,243,2053,40,952
153,Gujarat,Bhavnagar,2880365,2632574,212863,3457,1410,445,26974,127,2515
154,Gujarat,Anand  ,2092745,1798794,250919,29789,1524,267,8591,142,2719
155,Gujarat,Kheda,2299885,2000884,264482,26629,1403,300,3479,82,2626
156,Gujarat,Panch Mahals,2390776,2220974,158513,2863,662,337,5236,131,2060
157,Gujarat,Dohad  ,2127086,2045243,66353,9907,493,260,3331,114,1385
158,Gujarat,Vadodara,4165626,3713941,384579,23813,9340,2069,27650,1124,3110
159,Gujarat,Narmada,590297,559848,22600,4413,147,80,373,2078,758
160,Gujarat,Bharuch,1551019,1188204,343511,9494,1733,442,4813,342,2480
161,Gujarat,The Dangs,228291,203545,3593,20029,69,32,39,560,424
162,Gujarat,Navsari  ,1329672,1225087,78669,5733,2459,601,13386,2823,914
163,Gujarat,Valsad,1705678,1571147,94034,19661,1589,913,13809,1417,3108
164,Gujarat,Surat,6081322,5260193,660772,21052,5703,12902,112835,3920,3945
165,Gujarat,Tapi,807022,725890,22309,52930,239,1476,1828,408,1942
166,Haryana,Panchkula,561293,490702,23451,2583,40951,1008,1626,90,882
167,Haryana,Ambala,1128350,955096,22143,3705,138202,381,4845,110,3868
168,Haryana,Yamunanagar,1214205,984929,138569,3646,84455,161,1555,126,764
169,Haryana,Kurukshetra,964655,805175,15970,1943,140395,214,375,106,477
170,Haryana,Kaithal,1074304,974520,8232,1769,87558,265,351,70,1539
171,Haryana,Karnal,1505324,1341002,31650,2049,126207,532,1516,49,2319
172,Haryana,Panipat,1205437,1083936,86622,2261,25064,289,4647,99,2519
173,Haryana,Sonipat,1450001,1390149,45100,1405,4484,336,6033,29,2465
174,Haryana,Jind,1334152,1276669,23016,889,29103,172,2594,56,1653
175,Haryana,Fatehabad,942011,779243,8360,996,150969,171,1172,530,570
176,Haryana,Sirsa,1295189,940255,9524,2186,338962,370,2256,624,1012
177,Haryana,Hisar,1743931,1701061,21650,1945,12270,334,3620,33,3018
178,Haryana,Bhiwani,1634445,1611031,15515,873,2401,254,1016,26,3329
179,Haryana,Rohtak,1061204,1043887,8185,732,3916,200,3491,24,769
180,Haryana,Jhajjar,958405,945693,8247,734,1042,105,645,22,1917
181,Haryana,Mahendragarh,922088,913251,5660,301,1737,75,644,15,405
182,Haryana,Rewari,900332,889133,5713,701,1804,202,1525,12,1242
183,Haryana,Gurgaon,1514432,1408801,70842,9725,15097,944,7451,254,1318
184,Haryana,Mewat ,1089263,221846,862647,1235,592,516,1453,4,970
185,Haryana,Faridabad,1809733,1588407,161680,9743,34572,640,4883,249,9559
186,Haryana,Palwal ,1042708,826342,208566,932,3971,345,915,20,1617
187,Himachal Pradesh,Chamba,519080,479782,32455,1559,2745,1740,57,14,728
188,Himachal Pradesh,Kangra,1510075,1461140,19797,3023,8929,14511,194,208,2273
189,Himachal Pradesh,Lahul & Spiti,31564,11649,74,212,35,19572,3,1,18
190,Himachal Pradesh,Kullu,437903,415669,2974,1568,1396,15377,94,83,742
191,Himachal Pradesh,Mandi,999777,981412,9460,876,4081,2628,43,86,1191
192,Himachal Pradesh,Hamirpur,454768,449412,3711,243,591,95,293,9,414
193,Himachal Pradesh,Una,521173,480138,14275,390,26009,56,70,10,225
194,Himachal Pradesh,Bilaspur,381956,371973,6984,236,2387,113,10,7,246
195,Himachal Pradesh,Solan,580320,548579,14678,1452,13926,574,591,110,410
196,Himachal Pradesh,Sirmaur,529855,476830,33215,577,15501,2645,236,86,765
197,Himachal Pradesh,Shimla,814010,791449,11810,2025,4047,3262,185,197,1035
198,Himachal Pradesh,Kinnaur,84121,64732,448,485,249,18086,29,45,47
199,Jammu and Kashmir,Kupwara,870354,37128,823286,1700,5600,66,39,13,2522
200,Jammu and Kashmir,Badgam,753745,10110,736054,1489,5559,47,6,2,478
201,Jammu and Kashmir,Leh(Ladakh),133487,22882,19057,658,1092,88635,103,54,1006
202,Jammu and Kashmir,Kargil,140802,10341,108239,604,1171,20126,28,4,289
203,Jammu and Kashmir,Punch,476835,32604,431279,958,11188,83,10,2,711
204,Jammu and Kashmir,Rajouri,642415,221880,402879,983,15513,189,26,3,942
205,Jammu and Kashmir,Kathua,616435,540063,64234,1828,9551,24,16,2,717
206,Jammu and Kashmir,Baramula,1008039,30621,959185,1497,14770,140,29,7,1790
207,Jammu and Kashmir,Bandipore,392232,8439,382006,572,555,44,17,2,597
208,Jammu and Kashmir,Srinagar,1236829,42540,1177342,2746,12187,285,74,2,1653
209,Jammu and Kashmir,Ganderbal,297446,5592,290581,406,486,25,8,4,344
210,Jammu and Kashmir,Pulwama,560440,13840,535159,1109,9440,35,6,18,833
211,Jammu and Kashmir,Shupiyan,266215,3116,262263,429,178,6,1,6,216
212,Jammu and Kashmir,Anantnag,1078692,13180,1057005,1449,6140,55,7,7,849
213,Jammu and Kashmir,Kulgam,424483,4267,418076,460,1035,27,25,9,584
214,Jammu and Kashmir,Doda,409936,187621,220614,472,422,21,22,42,722
215,Jammu and Kashmir,Ramban,283713,81026,200516,414,753,43,3,252,706
216,Jammu and Kashmir,Kishtwar,230696,93931,133225,277,450,2094,3,514,202
217,Jammu and Kashmir,Udhampur,554985,489044,59771,1962,3418,106,57,235,392
218,Jammu and Kashmir,Reasi,314667,153898,156275,1208,3107,15,7,3,154
219,Jammu and Kashmir,Jammu,1529958,1289240,107489,12104,114272,470,1987,321,4075
220,Jammu and Kashmir,Samba,318898,275311,22950,2306,17961,48,16,6,300
221,Jharkhand,Garhwa ,1322784,1104475,194680,17168,123,371,20,4591,1356
222,Jharkhand,Chatra,1042886,903179,116710,6565,888,35,129,12936,2444
223,Jharkhand,Kodarma,716259,605138,107018,1221,944,32,980,269,657
224,Jharkhand,Giridih,2445474,1856202,508586,14645,937,650,1503,59218,3733
225,Jharkhand,Deoghar,1492073,1165140,302626,6027,143,188,282,16067,1600
226,Jharkhand,Godda,1313551,937126,289182,37795,97,128,115,47067,2041
227,Jharkhand,Sahibganj,1150567,628044,398243,83208,198,245,125,38426,2078
228,Jharkhand,Pakur,900422,410127,322963,75865,356,283,222,88760,1846
229,Jharkhand,Dhanbad,2684487,2149480,431762,11243,9727,331,1268,77182,3494
230,Jharkhand,Bokaro,2062330,1636460,241451,13730,4174,1890,2045,160524,2056
231,Jharkhand,Lohardaga,461790,112378,95012,16770,51,33,15,235987,1544
232,Jharkhand,Purbi Singhbhum,2293919,1550178,203999,30172,38544,892,1670,465367,3097
233,Jharkhand,Palamu,1939869,1683169,238295,6164,734,188,284,5681,5354
234,Jharkhand,Latehar,726978,473049,69808,47653,120,128,16,133525,2679
235,Jharkhand,Hazaribagh,1734495,1397227,281247,17137,1312,71,1676,34154,1671
236,Jharkhand,Ramgarh,949443,774251,129037,7260,5093,69,537,32378,818
237,Jharkhand,Dumka,1321442,1044726,106865,86404,234,267,162,78622,4162
238,Jharkhand,Jamtara,791042,550560,164406,4419,520,118,783,68564,1672
239,Jharkhand,Ranchi,2914253,1612239,410759,193974,4826,932,2733,677445,11345
240,Jharkhand,Khunti,531885,138863,13122,136438,69,245,148,241292,1708
241,Jharkhand,Gumla,1025213,309563,51429,202449,221,531,23,457468,3529
242,Jharkhand,Simdega,599578,201524,15103,306601,51,753,114,73930,1502
243,Jharkhand,Pashchimi Singhbhum,1502338,423937,38103,87587,946,389,52,945864,5460
244,Jharkhand,Saraikela-Kharsawan,1065056,709016,63588,8113,1114,187,72,280469,2497
245,Karnataka,Belgaum,4779661,4038331,528412,18418,2037,1086,178310,149,12918
246,Karnataka,Bagalkot ,1889752,1634229,219991,3433,443,412,25198,166,5880
247,Karnataka,Bijapur,2177331,1786830,369588,2433,558,374,8665,499,8384
248,Karnataka,Bidar,1703300,1289709,335184,35438,1145,30453,680,521,10170
249,Karnataka,Raichur,1928812,1634062,272022,10394,538,2265,4156,29,5346
250,Karnataka,Koppal,1389920,1218024,161770,4081,296,85,2898,461,2305
251,Karnataka,Gadag,1064570,907750,143665,3432,231,79,5993,74,3346
252,Karnataka,Dharwad,1847023,1390020,386834,28747,1486,715,29037,2748,7436
253,Karnataka,Uttara Kannada,1437169,1187306,187974,44530,305,12804,3624,64,562
254,Karnataka,Haveri,1597668,1281878,297927,2406,419,68,9834,702,4434
255,Karnataka,Bellary,2452595,2103633,320834,14014,1029,284,8044,54,4703
256,Karnataka,Chitradurga,1659456,1520553,128751,3175,322,84,3778,128,2665
257,Karnataka,Davanagere,1945497,1658465,265805,5420,307,164,6417,1743,7176
258,Karnataka,Shimoga,1752753,1479424,234664,26521,400,120,9234,367,2023
259,Karnataka,Udupi,1177361,1009179,96740,65838,232,161,4534,155,522
260,Karnataka,Chikmagalur,1137961,1004553,101235,26000,182,109,4710,4,1168
261,Karnataka,Tumkur,2678980,2413812,245923,9130,477,187,5067,161,4223
262,Karnataka,Bangalore,9621551,7725070,1248294,504863,13254,5531,83090,498,40951
263,Karnataka,Mandya,1805769,1712695,77801,8506,322,299,3607,109,2430
264,Karnataka,Hassan,1776421,1630814,120011,15611,289,623,5820,3,3250
265,Karnataka,Dakshina Kannada,2089649,1403854,501896,171398,525,445,10397,138,996
266,Karnataka,Kodagu,554519,448986,87274,17130,139,126,250,220,394
267,Karnataka,Mysore,3001127,2631985,290549,39361,1255,16194,14419,493,6871
268,Karnataka,Chamarajanagar,1020791,942071,47210,22183,136,4872,761,140,3418
269,Karnataka,Gulbarga,2566326,2011014,513125,8344,826,9589,4865,330,18233
270,Karnataka,Yadgir,1174271,997974,155340,8677,331,7970,1519,996,1464
271,Karnataka,Kolar,1536401,1305431,199873,26722,253,150,2494,92,1386
272,Karnataka,Chikkaballapura,1255104,1100131,147810,4684,264,85,975,77,1078
273,Karnataka,Bangalore Rural,990923,890429,92252,5368,389,272,1045,85,1083
274,Karnataka,Ramanagara,1082636,959260,114311,6390,383,104,859,57,1272
275,Kerala,Kasaragod,1307375,729987,486913,87454,151,362,130,152,2226
276,Kerala,Kannur,2523003,1509592,742483,262526,424,1118,193,722,5945
277,Kerala,Wayanad,817420,404460,234185,174453,61,312,1797,286,1866
278,Kerala,Kozhikode,3086293,1734958,1211131,131516,297,235,601,588,6967
279,Kerala,Malappuram,4112920,1135259,2888849,81556,205,179,68,579,6225
280,Kerala,Palakkad,2809934,1875980,812936,114397,220,238,78,400,5685
281,Kerala,Thrissur,3121200,1823442,532839,757484,259,278,62,585,6251
282,Kerala,Ernakulam,3282388,1509557,514397,1248137,860,614,1176,1083,6564
283,Kerala,Idukki ,1108974,541854,82206,481507,100,189,44,384,2690
284,Kerala,Kottayam,1974551,983598,126499,858608,204,358,83,565,4636
285,Kerala,Alappuzha,2127789,1460447,224545,435056,268,146,74,311,6942
286,Kerala,Pathanamthitta,1197412,681666,55074,456404,153,150,44,262,3659
287,Kerala,Kollam,2635375,1697635,508500,421598,208,272,63,619,6480
288,Kerala,Thiruvananthapuram,3301427,2194057,452915,630573,404,301,76,1082,22019
289,Lakshadweep,Lakshadweep,64473,1788,62268,317,8,10,11,7,64
290,Madhya Pradesh,Sheopur ,687861,638702,41396,230,6387,201,379,40,526
291,Madhya Pradesh,Morena,1965970,1875495,76159,1092,557,3234,6681,92,2660
292,Madhya Pradesh,Bhind,1703005,1595400,66776,973,4047,12215,19950,73,3571
293,Madhya Pradesh,Gwalior,2032036,1835299,141735,4119,24790,4361,18058,217,3457
294,Madhya Pradesh,Datia,786754,747693,28483,683,490,7923,453,10,1019
295,Madhya Pradesh,Shivpuri,1726050,1648749,51200,1117,7151,3421,12171,72,2169
296,Madhya Pradesh,Tikamgarh,1445166,1383475,44143,588,251,109,15569,39,992
297,Madhya Pradesh,Chhatarpur,1762375,1676918,70351,1980,968,250,10409,102,1397
298,Madhya Pradesh,Panna,1016520,974748,35214,418,186,37,4734,218,965
299,Madhya Pradesh,Sagar,2378458,2198297,103480,5580,4146,991,62992,168,2804
300,Madhya Pradesh,Damoh,1264219,1186420,47966,1681,1096,119,25005,82,1850
301,Madhya Pradesh,Satna,2228935,2158623,59471,2228,1163,364,3135,1689,2262
302,Madhya Pradesh,Rewa,2365106,2268838,85414,1964,832,986,655,232,6185
303,Madhya Pradesh,Umaria,644758,620515,15966,667,190,70,220,6028,1102
304,Madhya Pradesh,Neemuch ,826067,741288,67324,1508,1110,224,14165,115,333
305,Madhya Pradesh,Mandsaur,1340411,1192588,125548,1120,849,242,19029,77,958
306,Madhya Pradesh,Ratlam,1455069,1267043,151071,3996,1353,175,29353,123,1955
307,Madhya Pradesh,Ujjain,1986864,1718204,233133,4659,3241,945,24622,211,1849
308,Madhya Pradesh,Shajapur,1512681,1321003,174724,815,631,179,13755,66,1508
309,Madhya Pradesh,Dewas,1563715,1376591,174259,2355,2330,382,6497,72,1229
310,Madhya Pradesh,Dhar,2185793,2051219,116202,2261,1607,328,12199,88,1889
311,Madhya Pradesh,Indore,3276697,2728225,415142,18523,25696,11496,71667,720,5228
312,Madhya Pradesh,Khargone (West Nimar),1873046,1725441,135085,2075,2896,284,6028,89,1148
313,Madhya Pradesh,Barwani ,1385881,1318869,58222,2967,2361,416,2289,263,494
314,Madhya Pradesh,Rajgarh,1545814,1433879,106928,1243,460,121,1599,50,1534
315,Madhya Pradesh,Vidisha,1458875,1287391,149548,1313,914,295,18490,70,854
316,Madhya Pradesh,Bhopal,2371061,1755861,525434,23432,10789,21688,25950,335,7572
317,Madhya Pradesh,Sehore,1311332,1163607,137980,1404,640,357,6232,66,1046
318,Madhya Pradesh,Raisen,1331597,1195235,120331,1725,2262,253,10637,190,964
319,Madhya Pradesh,Betul,1575362,1505745,37590,3271,1078,9651,3759,13048,1220
320,Madhya Pradesh,Harda ,570465,527462,38640,683,676,93,1573,55,1283
321,Madhya Pradesh,Hoshangabad,1241350,1175203,52269,4453,3127,1550,3888,107,753
322,Madhya Pradesh,Katni ,1292042,1240650,37232,3158,1167,157,5342,2643,1693
323,Madhya Pradesh,Jabalpur,2463289,2159065,203652,23142,13256,4320,33728,21010,5116
324,Madhya Pradesh,Narsimhapur,1091854,1038628,39048,914,997,262,8125,2873,1007
325,Madhya Pradesh,Dindori ,704524,605435,6736,4238,260,61,687,84006,3101
326,Madhya Pradesh,Mandla,1054905,849518,16558,12450,436,297,1789,170533,3324
327,Madhya Pradesh,Chhindwara,2090922,1923920,100692,4893,2258,24471,7830,25771,1087
328,Madhya Pradesh,Seoni,1379131,1145052,79739,1857,360,7288,4982,135315,4538
329,Madhya Pradesh,Balaghat,1701698,1519384,38542,5295,1050,72162,4778,58064,2423
330,Madhya Pradesh,Guna,1241519,1172248,49203,1208,3271,529,13474,52,1534
331,Madhya Pradesh,Ashoknagar,845071,778214,40707,635,8009,1352,15094,27,1033
332,Madhya Pradesh,Shahdol,1066063,997073,42426,2372,912,268,1737,19448,1827
333,Madhya Pradesh,Anuppur,749237,686524,21473,2132,606,86,1653,35434,1329
334,Madhya Pradesh,Sidhi,1127033,1077545,34419,511,128,92,93,12556,1689
335,Madhya Pradesh,Singrauli,1178273,1118998,46574,2332,1422,338,182,6139,2288
336,Madhya Pradesh,Jhabua,1025048,960925,15733,38423,141,65,8871,388,502
337,Madhya Pradesh,Alirajpur,728999,705060,17660,4600,65,36,780,271,527
338,Madhya Pradesh,Khandwa (East Nimar),1310061,1182330,116277,2800,1726,1425,3856,158,1489
339,Madhya Pradesh,Burhanpur,757847,552526,180840,1199,1074,19883,1884,99,342
340,Maharashtra,Nandurbar,1648295,1521618,96182,8467,685,4969,6191,2907,7276
341,Maharashtra,Dhule,2050862,1825460,187901,3653,1422,13405,12818,912,5291
342,Maharashtra,Jalgaon,4229917,3457615,560261,7091,3091,143865,27404,9662,20928
343,Maharashtra,Buldana,2586258,1845424,354236,3531,1668,364229,12242,522,4406
344,Maharashtra,Akola,1813906,1107809,357253,4483,1504,328033,10205,389,4230
345,Maharashtra,Washim,1197160,859949,142672,1707,518,179330,8476,381,4127
346,Maharashtra,Amravati,2888445,2055177,421410,7223,2242,383891,11360,3288,3854
347,Maharashtra,Wardha,1300774,1057096,53854,2696,2147,175417,5663,2254,1647
348,Maharashtra,Nagpur,4653570,3492202,390974,34667,20469,668050,24528,12181,10499
349,Maharashtra,Bhandara,1200334,1009352,26502,2145,831,154458,1017,3555,2474
350,Maharashtra,Gondiya,1322507,1153861,26157,1827,2160,125282,1568,5080,6572
351,Maharashtra,Gadchiroli,1072942,927411,21063,3872,681,82695,454,30047,6719
352,Maharashtra,Chandrapur,2204307,1780085,92297,10701,5251,286734,3861,23188,2190
353,Maharashtra,Yavatmal,2772348,2251401,239236,4567,1596,249874,11422,3745,10507
354,Maharashtra,Nanded,3361292,2501741,471951,3902,13540,354189,5049,1273,9647
355,Maharashtra,Hingoli,1177345,863199,127552,992,643,176679,5278,103,2899
356,Maharashtra,Parbhani,1836086,1328385,306364,2081,1371,187899,6238,262,3486
357,Maharashtra,Jalna,1959046,1504641,274221,12542,1629,152540,9619,336,3518
358,Maharashtra,Aurangabad,3701282,2545438,786677,15991,5142,309093,30981,1005,6955
359,Maharashtra,Nashik,6107187,5237009,693052,23946,8912,94783,38212,1795,9478
360,Maharashtra,Thane,11060148,8716055,1355630,280700,39149,449617,172052,9862,37083
361,Maharashtra,Mumbai Suburban,9356962,6337132,1795788,322476,47288,469568,343639,18345,22726
362,Maharashtra,Mumbai,3085411,1873762,773173,84555,13471,134257,166000,31094,9099
363,Maharashtra,Raigarh,2634200,2239370,227465,17452,7477,121791,12260,1159,7226
364,Maharashtra,Pune,9429408,8090254,673704,134192,27090,340404,127786,9873,26105
365,Maharashtra,Ahmadnagar,4543159,4107143,320743,22766,5431,33898,38718,1408,13052
366,Maharashtra,Bid,2585049,2174672,320395,2097,824,68482,8719,399,9461
367,Maharashtra,Latur,2454196,2006984,367664,2387,935,66535,6387,310,2994
368,Maharashtra,Osmanabad,1657576,1437623,178925,942,340,28216,4530,195,6805
369,Maharashtra,Solapur,4317756,3795424,441254,9882,1279,35497,28134,568,5718
370,Maharashtra,Satara,3003741,2691952,146970,4408,1182,141315,12810,676,4428
371,Maharashtra,Ratnagiri,1615069,1307211,187197,1990,230,113467,3347,95,1532
372,Maharashtra,Sindhudurg,849651,780384,26264,15471,219,24762,1046,53,1452
373,Maharashtra,Kolhapur,3876001,3379906,286558,15573,1570,29766,154882,1274,6472
374,Maharashtra,Sangli,2822143,2440312,239607,9098,1260,38210,87453,769,5434
375,Manipur,Senapati,479148,43833,1649,426819,140,2409,53,1243,3002
376,Manipur,Tamenglong ,140651,2995,589,134760,59,425,57,1144,622
377,Manipur,Churachandpur,274143,12034,2886,254979,152,495,87,2333,1177
378,Manipur,Bishnupur,237399,175102,18691,4264,56,76,16,38457,737
379,Manipur,Thoubal,422168,267146,107323,4322,106,114,24,42347,786
380,Manipur,Imphal West,517992,387497,24298,23377,589,1891,1264,77032,2044
381,Manipur,Imphal East,456113,274906,80199,27361,181,639,62,70825,1940
382,Manipur,Ukhrul,183998,7553,1115,174112,108,635,70,32,373
383,Manipur,Chandel,144182,10810,3086,129049,136,400,59,354,288
384,Meghalaya,West Garo Hills,643291,122936,106788,389956,209,3392,144,16950,2916
385,Meghalaya,East Garo Hills,317917,17272,3359,289708,56,1004,38,5617,863
386,Meghalaya,South Garo Hills,142334,7036,1050,132984,27,332,10,362,533
387,Meghalaya,West Khasi Hills,383461,6498,1533,366881,58,1313,38,5878,1262
388,Meghalaya,Ribhoi,258840,30945,1838,218508,166,428,49,6308,598
389,Meghalaya,East Khasi Hills,825922,144935,14185,543394,2495,3111,303,115597,1902
390,Meghalaya,Jaintia Hills,395124,12456,1646,271596,34,284,45,107559,1504
391,Mizoram,Mamit,86364,2989,1782,69104,13,12328,25,19,104
392,Mizoram,Kolasib,83955,4000,4426,75210,16,108,2,46,147
393,Mizoram,Aizawl,400309,13249,5264,379134,105,1570,76,505,406
394,Mizoram,Champhai,125745,1075,699,123446,9,151,45,194,126
395,Mizoram,Serchhip,64937,991,335,63444,6,60,9,35,57
396,Mizoram,Lunglei,161428,5231,1290,127124,74,27543,93,5,68
397,Mizoram,Lawngtlai,117894,1668,522,63892,52,51549,122,2,87
398,Mizoram,Saiha,56574,933,514,54977,11,102,4,2,31
399,Nagaland,Mon,250260,8102,3444,236494,84,1256,314,1,565
400,Nagaland,Mokokchung,194622,9840,2057,181847,78,442,66,6,286
401,Nagaland,Zunheboto,140757,2580,772,136995,39,286,6,2,77
402,Nagaland,Wokha,166343,5605,2043,158236,34,318,8,20,79
403,Nagaland,Dimapur ,378811,108900,31212,234239,566,1270,2148,157,319
404,Nagaland,Phek,163418,3563,950,158224,31,350,17,198,85
405,Nagaland,Tuensang,196596,2979,1052,191864,27,572,5,1,96
406,Nagaland,Longleng,50484,873,635,48849,5,77,0,0,45
407,Nagaland,Kiphire,74004,1040,564,71803,13,210,1,1,372
408,Nagaland,Kohima,267988,25496,4384,234955,998,1519,80,335,221
409,Nagaland,Peren,95219,4076,1850,86145,15,459,10,2493,171
410,Odisha,Bargarh,1481255,1459065,7527,11744,652,161,125,44,1937
411,Odisha,Jharsuguda,579505,553587,12783,10462,1441,80,70,67,1015
412,Odisha,Sambalpur,1041099,964188,20120,50637,2506,310,86,1117,2135
413,Odisha,Debagarh,312520,296001,704,14518,53,102,7,409,726
414,Odisha,Sundargarh,2093437,1532352,71391,385011,5713,710,721,89986,7553
415,Odisha,Kendujhar,1801733,1752694,27752,9141,2177,209,131,7372,2257
416,Odisha,Mayurbhanj,2519738,2113079,33706,15008,661,162,109,351714,5299
417,Odisha,Baleshwar,2320529,2197709,94254,6434,237,111,201,18345,3238
418,Odisha,Bhadrak,1506337,1398543,104202,745,169,81,111,61,2425
419,Odisha,Kendrapara ,1440361,1386792,50247,1423,169,62,52,24,1592
420,Odisha,Jagatsinghapur ,1136971,1086140,46929,1604,206,74,58,63,1897
421,Odisha,Cuttack,2624470,2457729,141263,11985,1026,6276,1180,168,4843
422,Odisha,Jajapur  ,1827192,1725595,93642,1623,470,58,100,3073,2631
423,Odisha,Dhenkanal,1192811,1185542,4805,727,124,366,39,139,1069
424,Odisha,Anugul  ,1273821,1258684,7512,3383,812,226,36,971,2197
425,Odisha,Nayagarh  ,962789,955754,5278,383,107,33,24,12,1198
426,Odisha,Khordha ,2251673,2147632,84060,12527,1264,475,476,434,4805
427,Odisha,Puri,1698730,1644905,46094,4239,193,243,94,302,2660
428,Odisha,Ganjam,3529031,3486059,13315,23975,590,174,170,76,4672
429,Odisha,Gajapati,577817,353160,1556,219482,53,2180,66,4,1316
430,Odisha,Kandhamal,733110,580300,2138,148895,82,290,47,23,1335
431,Odisha,Baudh,441162,438152,1007,522,24,5,11,7,1434
432,Odisha,Subarnapur,610183,605225,1566,2374,58,46,17,6,891
433,Odisha,Balangir,1648997,1618175,7811,16271,565,467,2225,141,3342
434,Odisha,Nuapada,610382,601092,4952,1778,724,76,905,22,833
435,Odisha,Kalahandi,1576869,1555367,4975,11160,796,175,1225,220,2951
436,Odisha,Rayagada  ,967911,874445,4607,84916,219,249,123,44,3308
437,Odisha,Nabarangapur ,1220946,1178005,6753,32152,169,189,325,54,3299
438,Odisha,Koraput,1379647,1294151,8850,68550,518,219,491,3384,3484
439,Odisha,Malkangiri  ,613192,600219,1871,10039,213,43,195,35,577
440,Puducherry,Yanam,55626,53537,1191,873,3,1,4,4,13
441,Puducherry,Puducherry,950289,855294,32674,58328,245,366,1328,147,1907
442,Puducherry,Mahe,41816,27940,12856,958,3,21,14,3,21
443,Puducherry,Karaikal,200222,152638,28835,18391,46,63,54,14,181
444,Punjab,Gurdaspur,2298323,1074332,27667,176587,1002874,405,580,812,15066
445,Punjab,Kapurthala ,815168,336124,10190,5445,453692,6662,553,334,2168
446,Punjab,Jalandhar,2193590,1394329,30233,26016,718363,11385,4011,805,8448
447,Punjab,Hoshiarpur,1586625,1000743,23089,14968,538208,3476,2034,531,3576
448,Punjab,Shahid Bhagat Singh Nagar ,612310,401368,6829,1479,192885,5885,695,266,2903
449,Punjab,Fatehgarh Sahib,600163,152851,16808,1698,427521,48,178,251,808
450,Punjab,Ludhiana,3498739,1502403,77713,16517,1863408,2007,19620,1254,15817
451,Punjab,Moga,995746,158414,9388,3277,818921,178,436,365,4767
452,Punjab,Firozpur,2029074,906408,6844,19358,1090815,454,1143,278,3774
453,Punjab,Muktsar,901896,254920,4333,1681,638625,240,744,433,920
454,Punjab,Faridkot,617508,141363,3125,1227,469789,155,1109,103,637
455,Punjab,Bathinda,1388525,380569,16299,2474,984286,246,1266,559,2826
456,Punjab,Mansa,769751,156539,10375,917,598443,123,1577,493,1284
457,Punjab,Patiala,1895686,783306,40043,5683,1059944,245,1914,1410,3141
458,Punjab,Amritsar ,2490656,690939,12502,54344,1716935,876,3152,1044,10864
459,Punjab,Tarn Taran,1119627,60504,3855,6095,1044903,101,650,47,3472
460,Punjab,Rupnagar,684627,304481,14492,2094,361045,118,653,143,1601
461,Punjab,Sahibzada Ajit Singh Nagar,994628,476276,29488,5342,478908,257,1257,239,2861
462,Punjab,Sangrur,1655169,389410,179116,2406,1077438,268,3222,1038,2271
463,Punjab,Barnala,595527,112859,13100,622,467751,108,246,481,360
464,Rajasthan,Ganganagar ,1969168,1437144,50688,2077,474853,938,1988,164,1316
465,Rajasthan,Hanumangarh,1774692,1433067,118673,1542,216997,241,1935,138,2099
466,Rajasthan,Bikaner,2363937,2073356,235741,1901,20072,285,30850,79,1653
467,Rajasthan,Churu,2039547,1777879,249736,958,402,188,7104,127,3153
468,Rajasthan,Jhunjhunun,2137045,1905682,228178,1004,275,56,548,85,1217
469,Rajasthan,Alwar,3674179,3039279,547335,2696,64532,4384,13221,348,2384
470,Rajasthan,Bharatpur,2548462,2143046,371286,1576,23456,899,5758,18,2423
471,Rajasthan,Dhaulpur,1206516,1127520,72258,688,1356,92,2739,21,1842
472,Rajasthan,Karauli,1458248,1370977,81553,602,297,70,3424,413,912
473,Rajasthan,Sawai Madhopur,1335551,1165505,155681,945,812,177,9991,42,2398
474,Rajasthan,Dausa,1634409,1582335,45488,439,296,94,3737,115,1905
475,Rajasthan,Jaipur,6626178,5819980,687452,12708,18782,1020,81079,257,4900
476,Rajasthan,Sikar,2677333,2342076,327583,1122,356,177,4050,15,1954
477,Rajasthan,Nagaur,3307743,2833443,454487,1912,366,163,12940,276,4156
478,Rajasthan,Jodhpur,3687165,3224399,411558,6035,4123,514,36697,80,3759
479,Rajasthan,Jaisalmer,669919,497045,168129,874,1723,98,1521,34,495
480,Rajasthan,Barmer,2603751,2244882,321192,1157,450,157,34010,34,1869
481,Rajasthan,Jalor,1828730,1732852,78990,730,231,144,14640,82,1061
482,Rajasthan,Sirohi,1036346,996562,30479,1284,572,114,6829,56,450
483,Rajasthan,Pali,2037573,1870543,143476,1345,1540,141,18974,52,1502
484,Rajasthan,Ajmer,2583052,2201663,314159,10605,6799,417,45614,184,3611
485,Rajasthan,Tonk,1421326,1243527,153146,754,378,122,22458,30,911
486,Rajasthan,Bundi,1110906,1017688,66609,682,11059,144,13455,24,1245
487,Rajasthan,Bhilwara,2408523,2224839,142427,1978,1468,183,35149,60,2419
488,Rajasthan,Rajsamand,1156597,1105676,33677,759,260,100,14966,68,1091
489,Rajasthan,Dungarpur,1388552,1340065,28662,830,240,226,16141,853,1535
490,Rajasthan,Banswara,1797485,1701234,48834,22250,427,138,22613,109,1880
491,Rajasthan,Chittaurgarh,1544338,1413163,97855,1274,1515,252,25843,136,4300
492,Rajasthan,Kota,1951014,1661307,243993,5665,11058,280,25742,286,2683
493,Rajasthan,Baran,1222755,1133349,79984,1432,3066,84,2795,48,1997
494,Rajasthan,Jhalawar,1411129,1299751,96164,842,819,46,12488,42,977
495,Rajasthan,Udaipur,3068420,2869976,104307,7406,4278,209,78647,373,3224
496,Rajasthan,Pratapgarh,867848,827293,25597,358,72,32,14077,27,392
497,Sikkim,North  District,43709,14883,815,2660,816,23318,35,921,261
498,Sikkim,West District,136435,75286,965,13002,40,36390,20,10477,255
499,Sikkim,South District,146850,84583,1889,21462,151,35053,45,3176,491
500,Sikkim,East District,283583,177910,6198,23398,861,72455,214,1726,821
501,Tamil Nadu,Thiruvallur,3728104,3325823,143093,233633,1422,951,3693,530,18959
502,Tamil Nadu,Chennai,4646732,3751322,439270,358662,2851,2804,51708,1759,38356
503,Tamil Nadu,Kancheepuram,3998252,3537399,173785,256762,1620,990,4962,756,21978
504,Tamil Nadu,Vellore,3936331,3397857,414760,111390,676,438,3514,251,7445
505,Tamil Nadu,Tiruvannamalai,2464875,2294369,91636,66987,232,157,7898,110,3486
506,Tamil Nadu,Viluppuram,3458873,3174941,133896,138279,325,238,4032,278,6884
507,Tamil Nadu,Salem,3482056,3326357,95487,53841,412,174,992,246,4547
508,Tamil Nadu,Namakkal   ,1726601,1673652,32483,16909,183,108,84,199,2983
509,Tamil Nadu,Erode,2251744,2115455,76098,55899,435,148,639,157,2913
510,Tamil Nadu,The Nilgiris,735394,569477,78452,84610,338,382,910,87,1138
511,Tamil Nadu,Dindigul,2159775,1879494,105012,169945,313,256,71,138,4546
512,Tamil Nadu,Karur ,1064493,993666,53292,16483,115,29,7,79,822
513,Tamil Nadu,Tiruchirappalli,2722290,2279413,190964,246156,324,250,628,253,4302
514,Tamil Nadu,Perambalur  ,565223,521658,32702,10301,83,39,38,26,376
515,Tamil Nadu,Ariyalur  ,754894,708397,7942,37403,104,88,65,42,853
516,Tamil Nadu,Cuddalore,2605914,2391675,123749,83334,401,236,1280,138,5101
517,Tamil Nadu,Nagapattinam  ,1616450,1435072,128617,47579,184,450,963,110,3475
518,Tamil Nadu,Thiruvarur,1264277,1132785,96092,33192,258,151,279,64,1456
519,Tamil Nadu,Thanjavur,2405890,2075870,190814,133971,231,795,1256,148,2805
520,Tamil Nadu,Pudukkottai,1618345,1428784,114194,72850,119,81,32,293,1992
521,Tamil Nadu,Sivaganga,1339101,1186078,74310,75481,150,80,109,24,2869
522,Tamil Nadu,Madurai,3038252,2760502,168881,97711,520,199,1532,305,8602
523,Tamil Nadu,Theni  ,1245899,1148990,56751,37574,152,79,28,74,2251
524,Tamil Nadu,Virudhunagar,1942288,1822626,47838,67405,245,87,98,75,3914
525,Tamil Nadu,Ramanathapuram,1353445,1047411,208038,91139,154,86,29,36,6552
526,Tamil Nadu,Thoothukkudi,1750176,1373920,80740,291908,127,286,53,112,3030
527,Tamil Nadu,Tirunelveli ,3077233,2425630,303368,342254,268,373,144,450,4746
528,Tamil Nadu,Kanniyakumari,1870374,909872,78590,876299,160,438,156,10,4849
529,Tamil Nadu,Dharmapuri,1506843,1452956,38304,14089,164,39,37,87,1167
530,Tamil Nadu,Krishnagiri,1879809,1723737,115303,35956,468,121,373,221,3630
531,Tamil Nadu,Coimbatore,3458045,3044145,211035,190314,1112,435,3284,237,7483
532,Tamil Nadu,Tiruppur,2479052,2278835,123983,70015,455,198,371,119,5076
533,Uttar Pradesh,Saharanpur,3466382,1966892,1454052,6523,18627,1937,10208,135,8008
534,Uttar Pradesh,Muzaffarnagar,4143512,2382914,1711453,6495,18601,1516,16345,60,6128
535,Uttar Pradesh,Bijnor,3682713,2032081,1585210,6184,50624,1736,2134,41,4703
536,Uttar Pradesh,Moradabad,4772006,2488265,2248392,13157,7555,1260,2426,382,10569
537,Uttar Pradesh,Rampur,2335819,1073890,1181337,9201,65316,384,1307,63,4321
538,Uttar Pradesh,Jyotiba Phule Nagar,1840221,1075440,750368,5952,5295,189,517,21,2439
539,Uttar Pradesh,Meerut,3443689,2183255,1185643,10582,24912,1855,18544,236,18662
540,Uttar Pradesh,Baghpat,1303048,917474,364583,1840,483,161,16139,25,2343
541,Uttar Pradesh,Ghaziabad,4681645,3414427,1186776,19026,23001,3487,16412,265,18251
542,Uttar Pradesh,Gautam Buddha Nagar,1648115,1394025,215500,7366,9261,895,4518,91,16459
543,Uttar Pradesh,Bulandshahr ,3499171,2707195,777407,4088,2765,669,1572,86,5389
544,Uttar Pradesh,Aligarh,3673889,2904140,729283,7635,5875,2582,2805,91,21478
545,Uttar Pradesh,Mahamaya Nagar,1564708,1397225,159448,1350,524,424,1289,63,4385
546,Uttar Pradesh,Mathura,2547184,2310776,216933,3179,2872,883,2056,126,10359
547,Uttar Pradesh,Agra,4418797,3922718,411313,10076,12057,4049,21508,384,36692
548,Uttar Pradesh,Firozabad,2498156,2140745,314812,3370,1804,3395,19077,61,14892
549,Uttar Pradesh,Mainpuri,1868529,1746649,100723,1729,475,8814,4161,38,5940
550,Uttar Pradesh,Budaun,3681896,2867707,790515,6320,1135,1959,678,87,13495
551,Uttar Pradesh,Bareilly,4448359,2830768,1536534,14822,28187,4371,931,339,32407
552,Uttar Pradesh,Pilibhit,2031007,1449007,489686,3510,84787,360,138,45,3474
553,Uttar Pradesh,Shahjahanpur,3006538,2412595,527581,4630,51090,2312,301,84,7945
554,Uttar Pradesh,Kheri,4021243,3078262,807600,7502,94388,18454,487,226,14324
555,Uttar Pradesh,Sitapur,4483992,3555450,893725,6579,11611,2663,1410,79,12475
556,Uttar Pradesh,Hardoi,4092845,3508131,556219,5822,5688,6671,446,98,9770
557,Uttar Pradesh,Unnao,3108367,2732016,363453,3574,1204,920,240,31,6929
558,Uttar Pradesh,Lucknow,4589838,3537787,985070,20493,23883,3877,4975,504,13249
559,Uttar Pradesh,Rae Bareli,3405559,2975998,413243,3634,2424,722,397,602,8539
560,Uttar Pradesh,Farrukhabad,1885204,1596278,276846,3137,3160,3161,487,100,2035
561,Uttar Pradesh,Kannauj,1656616,1375788,273967,1263,504,2033,606,65,2390
562,Uttar Pradesh,Etawah,1581810,1457892,113961,1362,1045,1733,3917,94,1806
563,Uttar Pradesh,Auraiya,1379545,1273546,101963,1004,371,332,228,444,1657
564,Uttar Pradesh,Kanpur Dehat,1796184,1612968,176327,1300,478,819,155,103,4034
565,Uttar Pradesh,Kanpur Nagar,4581268,3792174,720660,15751,29676,2733,5710,589,13975
566,Uttar Pradesh,Jalaun ,1689974,1509708,171581,1148,463,2875,256,145,3798
567,Uttar Pradesh,Jhansi,1998603,1823930,147842,7050,4951,1203,7328,311,5988
568,Uttar Pradesh,Lalitpur,1221592,1163804,33724,1351,1034,69,20390,41,1179
569,Uttar Pradesh,Hamirpur,1104285,1010014,91269,814,196,74,41,273,1604
570,Uttar Pradesh,Mahoba,875958,815142,57454,965,389,94,234,157,1523
571,Uttar Pradesh,Banda,1799410,1637549,157612,1367,231,168,916,50,1517
572,Uttar Pradesh,Chitrakoot,991730,955372,34559,693,63,101,285,27,630
573,Uttar Pradesh,Fatehpur,2632733,2274674,350700,2201,402,172,199,47,4338
574,Uttar Pradesh,Pratapgarh,3209141,2731351,452394,3920,1451,7795,746,43,11441
575,Uttar Pradesh,Kaushambi,1599596,1372381,220423,2225,522,687,545,3,2810
576,Uttar Pradesh,Allahabad ,5954391,5102041,796756,13782,4377,4391,2247,305,30492
577,Uttar Pradesh,Bara Banki,3260699,2505444,737106,4857,2090,1553,3016,211,6422
578,Uttar Pradesh,Faizabad,2470996,2094271,365806,3225,1912,737,358,185,4502
579,Uttar Pradesh,Ambedkar Nagar,2397888,1985654,401678,2536,869,1817,235,33,5066
580,Uttar Pradesh,Sultanpur,3797117,3119590,650261,4453,1629,9989,426,336,10433
581,Uttar Pradesh,Bahraich,3487731,2291892,1169330,6400,8212,2793,1177,38,7889
582,Uttar Pradesh,Shrawasti,1117361,768643,343981,1427,407,323,68,56,2456
583,Uttar Pradesh,Balrampur,2148665,1333242,805975,3228,900,1866,198,87,3169
584,Uttar Pradesh,Gonda,3433919,2739076,678615,4735,1893,649,338,57,8556
585,Uttar Pradesh,Siddharthnagar,2559297,1789704,748073,3042,681,11964,179,356,5298
586,Uttar Pradesh,Basti,2464464,2082976,364510,3493,900,9753,107,99,2626
587,Uttar Pradesh,Sant Kabir Nagar,1715183,1300586,404410,1766,447,4393,95,35,3451
588,Uttar Pradesh,Mahrajganj,2684703,2196884,458650,3527,1381,16030,243,338,7650
589,Uttar Pradesh,Gorakhpur,4440895,4009037,403847,9662,2123,2848,460,207,12711
590,Uttar Pradesh,Kushinagar,3564544,2928462,620244,5006,767,4619,383,133,4930
591,Uttar Pradesh,Deoria,3100946,2730957,358539,3626,818,1182,209,146,5469
592,Uttar Pradesh,Azamgarh,4613913,3878626,718692,3810,719,5652,183,226,6005
593,Uttar Pradesh,Mau,2205968,1769937,428555,2109,340,564,155,129,4179
594,Uttar Pradesh,Ballia,3239774,3004240,213440,4463,892,1595,233,64,14847
595,Uttar Pradesh,Jaunpur,4494204,3981502,483750,4947,1286,7898,349,114,14358
596,Uttar Pradesh,Ghazipur,3620268,3233790,368153,4181,810,3145,213,184,9792
597,Uttar Pradesh,Chandauli,1952756,1727869,215081,2153,1389,340,100,1175,4649
598,Uttar Pradesh,Varanasi,3676841,3107681,546987,7696,3309,1146,1898,298,7826
599,Uttar Pradesh,Sant Ravidas Nagar (Bhadohi),1578213,1368291,203887,1365,199,1562,161,7,2741
600,Uttar Pradesh,Mirzapur,2496970,2292534,195765,2373,1133,341,701,27,4096
601,Uttar Pradesh,Sonbhadra,1862559,1738769,103567,3963,1649,1747,487,1907,10470
602,Uttar Pradesh,Etah,1774480,1611126,146346,2464,708,2887,5671,18,5260
603,Uttar Pradesh,Kanshiram Nagar,1436719,1211427,213822,1969,2280,3907,313,72,2929
604,Uttarakhand,Uttarkashi,330086,324859,3554,353,167,563,74,105,411
605,Uttarakhand,Chamoli,391605,385818,4395,428,323,190,11,23,417
606,Uttarakhand,Rudraprayag,242285,240170,1486,171,38,9,4,44,363
607,Uttarakhand,Tehri Garhwal,618931,609835,7374,656,290,32,91,109,544
608,Uttarakhand,Dehradun,1696694,1424916,202057,13416,36454,11778,5117,217,2739
609,Uttarakhand,Garhwal,687271,660507,22931,2161,619,58,212,51,732
610,Uttarakhand,Pithoragarh,483439,475105,6015,1401,260,185,13,30,430
611,Uttarakhand,Bageshwar,259898,257509,1440,397,46,102,7,16,381
612,Uttarakhand,Almora,622506,611250,7752,1895,256,201,31,6,1115
613,Uttarakhand,Champawat,259648,249563,8693,870,336,24,28,6,128
614,Uttarakhand,Nainital,954605,809717,120742,5091,17419,570,356,181,529
615,Uttarakhand,Udham Singh Nagar,1648902,1104452,372267,6064,162768,505,738,159,1949
616,Uttarakhand,Hardwar,1890422,1214935,648119,4878,17364,709,2501,46,1870
617,West Bengal,Darjiling ,1846823,1366681,105086,141848,2032,209240,1840,15523,4573
618,West Bengal,Jalpaiguri ,3872846,3156781,445817,186279,2994,50676,1461,23816,5022
619,West Bengal,Koch Bihar ,2819086,2087766,720033,4122,449,445,1869,158,4244
620,West Bengal,Uttar Dinajpur,3007134,1482943,1501170,16702,477,432,1324,1622,2464
621,West Bengal,Dakshin Dinajpur,1676276,1232850,412788,24794,276,148,323,2786,2311
622,West Bengal,Maldah ,3988845,1914352,2045151,13209,747,359,639,7929,6459
623,West Bengal,Murshidabad ,7103807,2359061,4707573,18102,766,348,3037,7429,7491
624,West Bengal,Birbhum,3502404,2181515,1298054,10906,582,258,1152,6051,3886
625,West Bengal,Barddhaman ,7717563,6008472,1599764,21220,16675,1602,1674,44968,23188
626,West Bengal,Nadia ,5167600,3728482,1382682,33835,849,514,281,16893,4064
627,West Bengal,North Twenty Four Parganas,10009781,7352769,2584684,26933,9394,5818,4452,2930,22801
628,West Bengal,Hugli ,5519145,4574569,870204,7300,2662,1730,2160,49050,11470
629,West Bengal,Bankura ,3596674,3033581,290450,3865,386,260,2904,260694,4534
630,West Bengal,Puruliya,2930115,2373120,227249,8646,622,209,3052,309029,8188
631,West Bengal,Haora ,4850029,3535844,1270641,8666,4380,1258,9699,1265,18276
632,West Bengal,Kolkata,4496694,3440290,926414,39758,13849,4771,21178,1452,48982
633,West Bengal,South Twenty Four Parganas,8161961,5155545,2903075,66498,2783,2494,972,6065,24529
634,West Bengal,Paschim Medinipur,5913457,5056953,620554,23287,2854,2019,1550,184278,21962
635,West Bengal,Purba Medinipur,5095875,4343972,743436,2648,746,317,574,359,3823
